SubID,subject,CS,choice,prev_choice,RT
109,1,1,0,0,0.882938623428345
109,1,1,1,0,0.651736259460449
109,1,1,1,1,0.810601711273193
109,1,1,1,1,0.666793584823608
109,1,1,1,1,0.700521945953369
109,1,1,1,1,0.666771173477173
109,1,1,1,1,0.617645502090454
109,1,1,1,1,0.633254766464233
109,1,1,1,1,0.572759389877319
109,1,1,1,1,0.494167566299438
109,1,2,1,0,0.652404308319092
109,1,2,1,1,0.897469520568848
109,1,2,1,1,0.962549448013306
109,1,2,1,1,0.671456575393677
109,1,2,1,1,0.622679710388184
109,1,2,1,1,0.54076075553894
109,1,2,1,1,0.556165218353271
109,1,2,1,1,0.517108201980591
109,1,2,1,1,0.442057847976685
109,1,2,1,1,0.487957715988159
109,1,3,0,0,0.616428375244141
109,1,3,0,0,0.550738096237183
109,1,3,0,0,0.625013113021851
109,1,3,0,0,0.527968645095825
109,1,3,0,0,0.587278604507446
109,1,3,0,0,0.895617961883545
109,1,3,0,0,0.559729337692261
109,1,3,0,0,0.602248430252075
109,1,3,0,0,0.656240463256836
109,1,3,0,0,0.518776416778564
109,1,3,0,0,0.617212533950806
109,1,3,0,0,0.616621732711792
109,1,3,0,0,0.528040647506714
109,1,3,0,0,0.490909337997437
109,1,4,1,0,1.09501624107361
109,1,4,1,1,0.734188318252563
109,1,4,0,1,0.92054295539856
109,1,4,1,0,0.956113576889038
109,1,4,1,1,0.926284790039062
109,1,4,1,1,0.731972932815552
109,1,4,1,1,0.798354148864746
109,1,4,1,1,0.647000789642334
109,1,4,1,1,0.941479682922363
109,1,4,1,1,0.548588037490845
109,1,4,0,1,0.670766353607178
109,1,4,1,0,0.53473424911499
109,1,4,1,1,0.490460634231567
109,1,4,1,1,0.447250604629517
110,2,1,1,0,1.45639872550964
110,2,1,1,1,1.04756832122803
110,2,1,1,1,1.01438021659851
110,2,1,0,1,1.10078859329224
110,2,1,1,0,1.16417479515076
110,2,1,1,1,1.1787850856781
110,2,1,0,1,0.972537517547607
110,2,1,1,0,0.875214576721191
110,2,1,1,1,1.10514688491821
110,2,1,1,1,1.27834463119507
110,2,2,1,0,1.10212469100952
110,2,2,1,1,1.18698763847351
110,2,2,1,1,0.804665565490723
110,2,2,1,1,1.0549795627594
110,2,2,1,1,1.19871735572815
110,2,2,1,1,0.910882472991943
110,2,2,1,1,0.711535930633545
110,2,2,1,1,0.562827825546265
110,2,2,1,1,0.599359512329102
110,2,2,1,1,0.560222625732422
110,2,3,1,0,1.02947759628296
110,2,3,0,1,1.23368525505066
110,2,3,1,0,1.13613939285278
110,2,3,1,1,0.883495569229126
110,2,3,1,1,0.920663833618164
110,2,3,1,1,0.661468267440796
110,2,3,1,1,1.05146551132202
110,2,3,1,1,1.06561636924744
110,2,3,1,1,1.05539774894714
110,2,3,1,1,1.02291512489319
110,2,3,1,1,0.678400278091431
110,2,3,1,1,0.965042591094971
110,2,3,1,1,0.747885465621948
110,2,3,1,1,0.694714546203613
110,2,4,0,0,0.957098484039307
110,2,4,0,0,1.16563701629639
110,2,4,0,0,1.34797883033752
110,2,4,0,0,1.33168578147888
110,2,4,0,0,0.957023620605469
110,2,4,0,0,0.486862421035767
110,2,4,0,0,0.837085485458374
110,2,4,0,0,0.620363235473633
110,2,4,0,0,0.594855546951294
110,2,4,0,0,0.755950927734375
110,2,4,0,0,0.789822578430176
110,2,4,0,0,0.582966327667236
110,2,4,0,0,0.487404584884644
110,2,4,0,0,1.00142550468445
111,3,1,1,0,0.813332557678223
111,3,1,1,1,1.00217843055725
111,3,1,0,1,1.09448742866516
111,3,1,1,0,0.806051969528198
111,3,1,1,1,0.859606742858887
111,3,1,1,1,0.714123725891113
111,3,1,1,1,0.748103857040405
111,3,1,1,1,0.805952072143555
111,3,1,1,1,0.87113356590271
111,3,1,1,1,0.820066690444946
111,3,2,0,0,0.959666728973389
111,3,2,0,0,0.717909574508667
111,3,2,0,0,0.785907030105591
111,3,2,0,0,0.889979839324951
111,3,2,0,0,0.685625553131104
111,3,2,0,0,0.65882396697998
111,3,2,0,0,0.686907052993774
111,3,2,0,0,0.628962755203247
111,3,2,0,0,0.619188070297241
111,3,2,0,0,0.522030830383301
111,3,3,0,0,0.963115692138672
111,3,3,1,0,0.693445205688477
111,3,3,1,1,0.826400995254517
111,3,3,1,1,0.977695941925049
111,3,3,1,1,0.970475912094116
111,3,3,1,1,0.787986040115356
111,3,3,1,1,0.789299964904785
111,3,3,1,1,0.773628234863281
111,3,3,1,1,0.687001466751099
111,3,3,1,1,0.628447771072388
111,3,3,1,1,0.786934852600098
111,3,3,1,1,0.787282228469849
111,3,3,1,1,0.928542137145996
111,3,3,1,1,0.723648071289062
111,3,4,0,0,1.0316596031189
111,3,4,0,0,0.649738073348999
111,3,4,0,0,0.736263990402222
111,3,4,0,0,0.579773664474487
111,3,4,0,0,0.612333059310913
111,3,4,0,0,0.758352756500244
111,3,4,0,0,0.751540660858154
111,3,4,0,0,0.838440895080566
111,3,4,0,0,0.618193626403809
111,3,4,0,0,0.593558311462402
111,3,4,0,0,0.607643604278564
111,3,4,0,0,0.640655279159546
111,3,4,0,0,1.03785490989685
111,3,4,0,0,0.620287895202637
112,4,1,1,0,0.79734206199646
112,4,1,0,1,0.51864218711853
112,4,1,1,0,0.594457626342773
112,4,1,1,1,0.566251754760742
112,4,1,1,1,0.926683187484741
112,4,1,0,1,0.531508922576904
112,4,1,1,0,0.560070037841797
112,4,1,1,1,0.78629469871521
112,4,1,1,1,0.840593814849854
112,4,1,1,1,0.687188863754272
112,4,2,0,0,0.879399061203003
112,4,2,1,0,0.819096088409424
112,4,2,1,1,0.615731716156006
112,4,2,1,1,0.686876058578491
112,4,2,1,1,0.621466875076294
112,4,2,1,1,0.669572114944458
112,4,2,1,1,0.622261762619019
112,4,2,1,1,0.50910758972168
112,4,2,1,1,0.449940204620361
112,4,2,1,1,0.605506896972656
112,4,3,0,0,0.869069576263428
112,4,3,0,0,0.378117084503174
112,4,3,0,0,0.37174916267395
112,4,3,0,0,0.397755146026611
112,4,3,0,0,0.489597320556641
112,4,3,0,0,0.40391993522644
112,4,3,0,0,0.394901037216187
112,4,3,0,0,0.4704909324646
112,4,3,0,0,0.379607439041138
112,4,3,0,0,0.476209402084351
112,4,3,0,0,0.433823823928833
112,4,3,0,0,0.466871976852417
112,4,3,0,0,0.415695428848267
112,4,3,0,0,0.452246189117432
112,4,4,0,0,0.62894082069397
112,4,4,0,0,0.406306028366089
112,4,4,1,0,0.482666969299316
112,4,4,0,1,0.571661710739136
112,4,4,0,0,0.476596832275391
112,4,4,0,0,0.369594097137451
112,4,4,0,0,0.579950571060181
112,4,4,1,0,0.85904598236084
112,4,4,1,1,0.488780736923218
112,4,4,0,1,0.440791845321655
112,4,4,1,0,0.6548752784729
112,4,4,1,1,1.0124351978302
112,4,4,1,1,0.789061069488525
112,4,4,0,1,0.733501672744751
113,5,1,1,0,1.13442134857178
113,5,1,1,1,0.965794563293457
113,5,1,1,1,0.767949104309082
113,5,1,1,1,0.770153522491455
113,5,1,1,1,0.578908920288086
113,5,1,1,1,0.811871528625488
113,5,1,1,1,0.926441431045532
113,5,1,1,1,0.60074257850647
113,5,1,1,1,0.592133760452271
113,5,1,1,1,0.698315382003784
113,5,2,0,0,0.56617546081543
113,5,2,0,0,0.849434614181519
113,5,2,0,0,0.636342525482178
113,5,2,0,0,0.707159996032715
113,5,2,0,0,0.686607599258423
113,5,2,0,0,1.12220454216003
113,5,2,0,0,1.11724472045898
113,5,2,0,0,0.643988609313965
113,5,2,0,0,0.757164478302002
113,5,2,0,0,0.683891296386719
113,5,3,0,0,1.44971609115601
113,5,3,0,0,1.22359919548035
113,5,3,0,0,1.39958143234253
113,5,3,0,0,1.15974068641663
113,5,3,0,0,1.02554798126221
113,5,3,0,0,0.702628612518311
113,5,3,0,0,0.57030725479126
113,5,3,0,0,0.963816165924072
113,5,3,0,0,1.10259532928467
113,5,3,0,0,1.05814599990845
113,5,3,0,0,0.800947427749634
113,5,3,0,0,0.969464540481567
113,5,3,0,0,0.622650384902954
113,5,3,0,0,0.758582353591919
113,5,4,1,0,0.8652663230896
113,5,4,0,1,0.692786931991577
113,5,4,1,0,0.859221935272217
113,5,4,1,1,0.702227354049683
113,5,4,0,1,0.914254426956177
113,5,4,1,0,0.689586639404297
113,5,4,1,1,0.990603923797607
113,5,4,1,1,1.09941744804382
113,5,4,1,1,1.26434350013733
113,5,4,1,1,0.64496374130249
113,5,4,0,1,0.531401872634888
113,5,4,1,0,0.917867660522461
113,5,4,1,1,1.04073119163513
113,5,4,1,1,0.999645471572876
114,6,1,0,0,0.697219133377075
114,6,1,0,0,0.644089937210083
114,6,1,0,0,0.607386112213135
114,6,1,0,0,0.512066602706909
114,6,1,0,0,0.602280378341675
114,6,1,0,0,0.507437705993652
114,6,1,0,0,0.551447868347168
114,6,1,0,0,0.471821546554565
114,6,1,0,0,0.469658136367798
114,6,1,0,0,0.59217095375061
114,6,2,1,0,1.44212317466736
114,6,2,1,1,0.842689037322998
114,6,2,0,1,0.906575202941895
114,6,2,0,0,0.900885581970215
114,6,2,0,0,0.671404600143433
114,6,2,0,0,0.469046831130981
114,6,2,0,0,0.617182731628418
114,6,2,0,0,0.558534860610962
114,6,2,0,0,0.968933582305908
114,6,2,0,0,0.872121810913086
114,6,3,1,0,0.708173036575317
114,6,3,1,1,0.704700946807861
114,6,3,1,1,0.710214853286743
114,6,3,1,1,0.898494958877563
114,6,3,1,1,0.7494797706604
114,6,3,1,1,0.724480867385864
114,6,3,1,1,0.599477052688599
114,6,3,1,1,0.512708187103271
114,6,3,1,1,0.660672903060913
114,6,3,1,1,0.721353769302368
114,6,3,1,1,0.540990352630615
114,6,3,1,1,0.780941009521484
114,6,3,1,1,0.608312129974365
114,6,3,1,1,1.44816994667053
114,6,4,1,0,0.793048620223999
114,6,4,1,1,0.604958534240723
114,6,4,1,1,0.676535844802856
114,6,4,1,1,0.758846521377563
114,6,4,1,1,0.496577739715576
114,6,4,1,1,0.649608612060547
114,6,4,1,1,0.538152694702148
114,6,4,1,1,0.557396411895752
114,6,4,1,1,0.52806568145752
114,6,4,1,1,0.427370548248291
114,6,4,1,1,0.752963066101074
114,6,4,1,1,0.587130784988403
114,6,4,1,1,0.802151679992676
114,6,4,1,1,0.991106748580933
115,7,1,0,0,0.626382112503052
115,7,1,0,0,0.595332622528076
115,7,1,1,0,0.79964804649353
115,7,1,1,1,0.561334371566772
115,7,1,0,1,0.596219778060913
115,7,1,0,0,0.808127403259277
115,7,1,1,0,0.457165479660034
115,7,1,0,1,0.639322996139526
115,7,1,1,0,0.796911954879761
115,7,1,0,1,0.799622297286987
115,7,2,0,0,0.579442501068115
115,7,2,1,0,0.54085373878479
115,7,2,1,1,0.588898420333862
115,7,2,1,1,0.538498640060425
115,7,2,1,1,0.432888746261597
115,7,2,1,1,0.417321443557739
115,7,2,1,1,0.604331970214844
115,7,2,1,1,0.57771372795105
115,7,2,1,1,0.538181781768799
115,7,2,1,1,0.543040752410889
115,7,3,0,0,0.985742807388306
115,7,3,0,0,0.474231958389282
115,7,3,0,0,0.510862827301025
115,7,3,0,0,0.512068748474121
115,7,3,0,0,0.475671529769897
115,7,3,0,0,0.548699855804443
115,7,3,0,0,0.391886711120605
115,7,3,0,0,0.700573921203613
115,7,3,0,0,0.501386404037476
115,7,3,0,0,0.414602756500244
115,7,3,0,0,0.421162843704224
115,7,3,0,0,0.548974990844727
115,7,3,0,0,0.495435953140259
115,7,3,0,0,0.50855016708374
115,7,4,0,0,0.703434944152832
115,7,4,0,0,0.429810285568237
115,7,4,0,0,0.396620035171509
115,7,4,0,0,0.535548686981201
115,7,4,0,0,0.555084705352783
115,7,4,0,0,0.509468555450439
115,7,4,0,0,0.495733022689819
115,7,4,0,0,0.401364803314209
115,7,4,0,0,0.565006017684937
115,7,4,0,0,0.447505950927734
115,7,4,0,0,0.490071773529053
115,7,4,0,0,0.465497493743896
115,7,4,0,0,0.583071708679199
115,7,4,0,0,0.392110109329224
116,8,1,1,0,0.824835538864136
116,8,1,1,1,0.762123584747314
116,8,1,1,1,0.569130182266235
116,8,1,1,1,0.715137243270874
116,8,1,1,1,0.737604141235352
116,8,1,1,1,0.552345514297485
116,8,1,1,1,0.584459066390991
116,8,1,1,1,0.551076889038086
116,8,1,1,1,0.512102127075195
116,8,1,1,1,0.645276069641113
116,8,2,0,0,0.939243316650391
116,8,2,1,0,0.673499345779419
116,8,2,1,1,0.659170150756836
116,8,2,1,1,0.476361274719238
116,8,2,1,1,0.631059646606445
116,8,2,1,1,0.527249574661255
116,8,2,1,1,0.629670381546021
116,8,2,1,1,0.614343166351318
116,8,2,1,1,0.651552438735962
116,8,2,1,1,0.585839986801147
116,8,3,1,0,0.684070348739624
116,8,3,1,1,1.04041314125061
116,8,3,0,1,0.785762071609497
116,8,3,0,0,0.92633843421936
116,8,3,0,0,0.757269382476807
116,8,3,0,0,0.700787305831909
116,8,3,0,0,0.856814384460449
116,8,3,0,0,0.60970401763916
116,8,3,0,0,0.632687568664551
116,8,3,0,0,0.595087051391602
116,8,3,1,0,0.651579141616821
116,8,3,1,1,0.897578001022339
116,8,3,1,1,1.02121996879578
116,8,3,0,1,0.659412384033203
116,8,4,1,0,1.18566942214966
116,8,4,1,1,0.858748197555542
116,8,4,1,1,0.776287078857422
116,8,4,1,1,0.562520027160645
116,8,4,0,1,0.595231294631958
116,8,4,1,0,0.532044649124146
116,8,4,1,1,0.782565832138062
116,8,4,0,1,0.507041215896606
116,8,4,1,0,0.710836172103882
116,8,4,0,1,0.538631439208984
116,8,4,1,0,1.16460633277893
116,8,4,0,1,0.702608108520508
116,8,4,1,0,0.770729064941406
116,8,4,1,1,1.0174400806427
117,9,1,1,0,0.871366024017334
117,9,1,1,1,1.05781412124634
117,9,1,1,1,0.754066228866577
117,9,1,1,1,0.780972242355347
117,9,1,1,1,0.669093370437622
117,9,1,1,1,0.602975368499756
117,9,1,1,1,1.03451561927795
117,9,1,1,1,0.736991167068481
117,9,1,1,1,0.579408884048462
117,9,1,1,1,0.608528137207031
117,9,2,1,0,1.07527637481689
117,9,2,1,1,1.12485289573669
117,9,2,1,1,0.970457077026367
117,9,2,1,1,1.11921525001526
117,9,2,1,1,0.799596548080444
117,9,2,1,1,0.902564525604248
117,9,2,1,1,0.79078221321106
117,9,2,1,1,0.877771854400635
117,9,2,1,1,0.798572063446045
117,9,2,1,1,0.780273199081421
117,9,3,1,0,0.984195470809937
117,9,3,1,1,0.927059650421143
117,9,3,1,1,1.20429015159607
117,9,3,1,1,1.04566740989685
117,9,3,1,1,1.20170259475708
117,9,3,1,1,1.01067924499512
117,9,3,1,1,1.21886730194092
117,9,3,1,1,1.0838189125061
117,9,3,1,1,1.06514525413513
117,9,3,1,1,1.11150622367859
117,9,3,1,1,1.14061808586121
117,9,3,1,1,1.09586834907532
117,9,3,1,1,0.900718688964844
117,9,3,1,1,0.952661275863647
117,9,4,1,0,1.20972514152527
117,9,4,1,1,0.923989057540894
117,9,4,1,1,1.07158708572388
117,9,4,1,1,1.46135830879211
117,9,4,1,1,0.915087223052979
117,9,4,1,1,0.895302057266235
117,9,4,1,1,1.09051537513733
117,9,4,1,1,1.039879322052
117,9,4,1,1,0.890414953231812
117,9,4,1,1,0.967465877532959
117,9,4,1,1,1.30558490753174
117,9,4,1,1,1.11027717590332
117,9,4,1,1,0.986544132232666
117,9,4,1,1,1.08532428741455
118,10,1,1,0,0.507146596908569
118,10,1,1,1,0.319025993347168
118,10,1,0,1,0.408352375030518
118,10,1,1,0,0.312295198440552
118,10,1,1,1,0.390355348587036
118,10,1,0,1,0.418252468109131
118,10,1,0,0,0.384224653244019
118,10,1,0,0,0.368254423141479
118,10,1,1,0,0.307855844497681
118,10,1,0,1,0.323181390762329
118,10,2,1,0,0.646484613418579
118,10,2,1,1,0.412450551986694
118,10,2,1,1,0.36237645149231
118,10,2,1,1,0.316403150558472
118,10,2,0,1,0.552464008331299
118,10,2,0,0,0.434174060821533
118,10,2,1,0,0.317626237869263
118,10,2,1,1,0.30357837677002
118,10,2,0,1,0.486633539199829
118,10,2,1,0,0.3685462474823
118,10,3,0,0,0.844365835189819
118,10,3,0,0,0.309113025665283
118,10,3,0,0,0.288703441619873
118,10,3,0,0,0.341402769088745
118,10,3,0,0,0.391912937164307
118,10,3,1,0,0.332306861877441
118,10,3,1,1,0.32659912109375
118,10,3,1,1,0.353915214538574
118,10,3,0,1,0.424174308776855
118,10,3,0,0,0.308983325958252
118,10,3,0,0,0.403954982757568
118,10,3,0,0,0.392069101333618
118,10,3,0,0,0.320451021194458
118,10,3,1,0,0.334448337554932
118,10,4,0,0,0.75642204284668
118,10,4,0,0,0.307558536529541
118,10,4,0,0,0.415730476379395
118,10,4,0,0,0.423063039779663
118,10,4,0,0,0.299918413162231
118,10,4,0,0,0.287405967712402
118,10,4,1,0,0.439210414886475
118,10,4,0,1,0.34167218208313
118,10,4,1,0,0.408802509307861
118,10,4,1,1,0.265217065811157
118,10,4,0,1,0.316033601760864
118,10,4,0,0,0.38074803352356
118,10,4,1,0,0.250498056411743
118,10,4,0,1,0.266190052032471
119,11,1,1,0,0.879544258117676
119,11,1,1,1,0.911217212677002
119,11,1,1,1,0.693436145782471
119,11,1,1,1,0.824671745300293
119,11,1,1,1,0.567988157272339
119,11,1,1,1,0.662007093429565
119,11,1,1,1,0.70595908164978
119,11,1,1,1,0.613576173782349
119,11,1,1,1,0.82660174369812
119,11,1,1,1,0.639687061309814
119,11,2,1,0,0.951350927352905
119,11,2,1,1,0.810018301010132
119,11,2,1,1,0.946349382400513
119,11,2,1,1,0.685705661773682
119,11,2,1,1,0.616493225097656
119,11,2,1,1,0.620427131652832
119,11,2,1,1,0.555640935897827
119,11,2,1,1,0.831953048706055
119,11,2,1,1,0.688457012176514
119,11,2,1,1,0.578308343887329
119,11,3,0,0,1.3809916973114
119,11,3,1,0,0.981966018676758
119,11,3,1,1,1.26730561256409
119,11,3,1,1,0.666675090789795
119,11,3,0,1,1.17227005958557
119,11,3,1,0,0.506822109222412
119,11,3,1,1,1.15545964241028
119,11,3,1,1,0.773690938949585
119,11,3,0,1,0.751424074172974
119,11,3,0,0,0.985952138900757
119,11,3,0,0,1.01514506340027
119,11,3,0,0,0.89486837387085
119,11,3,0,0,0.873966932296753
119,11,3,0,0,0.823097467422485
119,11,4,0,0,1.21253967285156
119,11,4,0,0,1.33245205879211
119,11,4,0,0,1.01053619384766
119,11,4,0,0,1.02598905563354
119,11,4,0,0,0.633975028991699
119,11,4,0,0,0.50382661819458
119,11,4,0,0,0.781263113021851
119,11,4,0,0,0.55793571472168
119,11,4,0,0,0.975445985794067
119,11,4,0,0,0.813053131103516
119,11,4,0,0,0.589596509933472
119,11,4,0,0,0.701651334762573
119,11,4,1,0,1.0191867351532
119,11,4,0,1,1.0114426612854
120,12,1,1,0,0.895088195800781
120,12,1,1,1,1.02644872665405
120,12,1,1,1,0.616959095001221
120,12,1,1,1,0.681665897369385
120,12,1,1,1,0.705115556716919
120,12,1,1,1,0.711979866027832
120,12,1,1,1,0.818374156951904
120,12,1,0,1,1.02237987518311
120,12,1,1,0,1.40604686737061
120,12,1,1,1,0.582498788833618
120,12,2,1,0,0.435890674591064
120,12,2,1,1,0.922054529190063
120,12,2,1,1,1.12075567245483
120,12,2,1,1,0.747106790542603
120,12,2,0,1,0.510150194168091
120,12,2,1,0,1.06579780578613
120,12,2,1,1,0.777906656265259
120,12,2,1,1,0.72442626953125
120,12,2,1,1,1.05206799507141
120,12,2,1,1,0.931673526763916
120,12,3,1,0,0.85228443145752
120,12,3,1,1,1.14643526077271
120,12,3,1,1,0.700543642044067
120,12,3,1,1,0.776310443878174
120,12,3,1,1,0.766067743301392
120,12,3,1,1,0.613516092300415
120,12,3,1,1,0.637144327163696
120,12,3,1,1,0.507578134536743
120,12,3,1,1,0.595552682876587
120,12,3,1,1,0.644819259643555
120,12,3,1,1,0.762845277786255
120,12,3,1,1,0.668956279754639
120,12,3,1,1,0.506365299224854
120,12,3,1,1,0.587181806564331
120,12,4,0,0,1.14247417449951
120,12,4,0,0,0.919262647628784
120,12,4,0,0,0.786814212799072
120,12,4,0,0,0.566438913345337
120,12,4,0,0,0.655460596084595
120,12,4,0,0,0.646772623062134
120,12,4,0,0,1.08524346351624
120,12,4,1,0,1.16660261154175
120,12,4,0,1,0.744958639144897
120,12,4,0,0,1.19041538238525
120,12,4,0,0,0.680622339248657
120,12,4,0,0,0.709913730621338
120,12,4,0,0,0.699483394622803
120,12,4,0,0,1.03100156784058
121,13,1,1,0,0.89868950843811
121,13,1,1,1,0.911244869232178
121,13,1,1,1,0.853530406951904
121,13,1,1,1,0.803735494613647
121,13,1,1,1,0.960748195648193
121,13,1,1,1,0.736118078231812
121,13,1,1,1,0.746419906616211
121,13,1,1,1,0.651642322540283
121,13,1,1,1,0.746174573898315
121,13,1,1,1,0.879575490951538
121,13,2,1,0,1.35386896133423
121,13,2,1,1,1.23038458824158
121,13,2,1,1,1.03580117225647
121,13,2,1,1,0.987930059432983
121,13,2,1,1,0.727310657501221
121,13,2,1,1,0.593750238418579
121,13,2,1,1,0.572649955749512
121,13,2,1,1,0.683198690414429
121,13,2,1,1,0.539640665054321
121,13,2,1,1,0.713145017623901
121,13,3,0,0,0.851136445999146
121,13,3,0,0,1.24760055541992
121,13,3,0,0,0.803568601608276
121,13,3,0,0,0.891543626785278
121,13,3,1,0,0.65855860710144
121,13,3,1,1,0.634800434112549
121,13,3,0,1,0.836827993392944
121,13,3,0,0,1.04186248779297
121,13,3,0,0,1.38402152061462
121,13,3,0,0,0.985933780670166
121,13,3,0,0,0.863579273223877
121,13,3,0,0,0.765386819839478
121,13,3,0,0,0.668881416320801
121,13,3,0,0,0.730635404586792
121,13,4,1,0,1.49450445175171
121,13,4,1,1,1.41213965415955
121,13,4,1,1,1.36253070831299
121,13,4,1,1,0.694244623184204
121,13,4,1,1,0.810474872589111
121,13,4,0,1,0.961440086364746
121,13,4,1,0,0.986944198608398
121,13,4,1,1,0.742205858230591
121,13,4,1,1,0.713243722915649
121,13,4,1,1,0.556715726852417
121,13,4,1,1,0.661359548568726
121,13,4,1,1,0.531119346618652
121,13,4,1,1,0.701353788375854
121,13,4,1,1,0.674263477325439
122,14,1,1,0,0.855586290359497
122,14,1,1,1,0.787286996841431
122,14,1,1,1,0.668680191040039
122,14,1,1,1,0.627894878387451
122,14,1,1,1,0.641784906387329
122,14,1,1,1,1.03783631324768
122,14,1,1,1,0.800328016281128
122,14,1,1,1,0.830963850021362
122,14,1,0,1,0.746763229370117
122,14,1,0,0,1.15122652053833
122,14,2,0,0,0.638388872146606
122,14,2,0,0,0.497099161148071
122,14,2,0,0,0.59416127204895
122,14,2,1,0,0.47306752204895
122,14,2,0,1,0.612626075744629
122,14,2,0,0,0.353979587554932
122,14,2,0,0,0.739042043685913
122,14,2,0,0,0.64064884185791
122,14,2,0,0,0.597913980484009
122,14,2,0,0,0.783594131469727
122,14,3,1,0,1.12892484664917
122,14,3,0,1,0.52513599395752
122,14,3,0,0,0.678052186965942
122,14,3,0,0,0.60403299331665
122,14,3,0,0,0.521282196044922
122,14,3,0,0,0.667794227600098
122,14,3,0,0,0.760696172714233
122,14,3,0,0,0.652603387832642
122,14,3,0,0,0.650771379470825
122,14,3,1,0,0.92900276184082
122,14,3,0,1,0.92397928237915
122,14,3,0,0,0.654803991317749
122,14,3,0,0,0.765293121337891
122,14,3,0,0,0.669498205184937
122,14,4,1,0,0.664907932281494
122,14,4,1,1,0.572168827056885
122,14,4,1,1,0.725971937179565
122,14,4,0,1,0.71044135093689
122,14,4,1,0,0.418683052062988
122,14,4,0,1,0.657541990280151
122,14,4,0,0,0.692158222198486
122,14,4,1,0,0.550271034240723
122,14,4,0,1,0.599957704544067
122,14,4,0,0,0.74348521232605
122,14,4,0,0,0.658090353012085
122,14,4,0,0,0.646807432174683
122,14,4,1,0,0.907537221908569
122,14,4,0,1,0.619280338287354
123,15,1,1,0,1.35182547569275
123,15,1,0,1,0.812243461608887
123,15,1,1,0,0.569809436798096
123,15,1,1,1,0.791489124298096
123,15,1,1,1,0.665388107299805
123,15,1,0,1,0.434447050094604
123,15,1,1,0,0.521335124969482
123,15,1,1,1,0.51137900352478
123,15,1,1,1,0.605705976486206
123,15,1,1,1,0.74869179725647
123,15,2,0,0,0.568554162979126
123,15,2,0,0,0.671107530593872
123,15,2,0,0,0.565532922744751
123,15,2,0,0,0.623371839523315
123,15,2,0,0,0.765049934387207
123,15,2,0,0,0.482600688934326
123,15,2,0,0,0.7428297996521
123,15,2,0,0,0.544986724853516
123,15,2,0,0,0.463642835617065
123,15,2,0,0,0.494005918502808
123,15,3,1,0,1.18556571006775
123,15,3,0,1,0.692024707794189
123,15,3,0,0,0.674030542373657
123,15,3,0,0,0.720150709152222
123,15,3,0,0,0.684474468231201
123,15,3,1,0,0.487314701080322
123,15,3,0,1,0.810312747955322
123,15,3,1,0,0.530434608459473
123,15,3,1,1,0.509848117828369
123,15,3,0,1,0.926488399505615
123,15,3,1,0,0.741786003112793
123,15,3,0,1,0.579327583312988
123,15,3,1,0,0.510647773742676
123,15,3,0,1,0.498696804046631
123,15,4,1,0,0.873899459838867
123,15,4,1,1,0.832546472549438
123,15,4,1,1,0.526620864868164
123,15,4,0,1,0.480623722076416
123,15,4,1,0,0.574697732925415
123,15,4,0,1,0.530939340591431
123,15,4,1,0,0.903646469116211
123,15,4,1,1,0.516233682632446
123,15,4,1,1,0.621656894683838
123,15,4,0,1,0.495646953582764
123,15,4,1,0,0.575010776519775
123,15,4,1,1,0.46482253074646
123,15,4,1,1,0.74830961227417
123,15,4,0,1,0.683024644851685
124,16,1,0,0,1.09776496887207
124,16,1,1,0,0.814619541168213
124,16,1,0,1,0.68515419960022
124,16,1,1,0,0.596628189086914
124,16,1,0,1,0.570216417312622
124,16,1,0,0,0.489611864089966
124,16,1,0,0,0.894984245300293
124,16,1,0,0,0.509843349456787
124,16,1,0,0,0.632930040359497
124,16,1,0,0,0.431052923202515
124,16,2,1,0,0.587237119674683
124,16,2,0,1,1.05468034744263
124,16,2,1,0,0.707711935043335
124,16,2,1,1,0.752089977264404
124,16,2,1,1,0.697134256362915
124,16,2,1,1,0.667826890945435
124,16,2,1,1,0.596676111221313
124,16,2,1,1,0.599735021591187
124,16,2,1,1,0.573696374893188
124,16,2,1,1,0.591950178146362
124,16,3,1,0,0.959865808486938
124,16,3,1,1,0.477652072906494
124,16,3,0,1,0.586519479751587
124,16,3,0,0,0.699589967727661
124,16,3,0,0,0.937115430831909
124,16,3,0,0,0.676428318023682
124,16,3,1,0,0.80237603187561
124,16,3,0,1,1.0212721824646
124,16,3,0,0,0.764995098114014
124,16,3,0,0,0.779922485351562
124,16,3,0,0,0.788955926895142
124,16,3,0,0,0.634318828582764
124,16,3,0,0,0.461585521697998
124,16,3,0,0,0.675839185714722
124,16,4,1,0,1.18699097633362
124,16,4,1,1,0.876435518264771
124,16,4,1,1,0.473451375961304
124,16,4,1,1,0.546106100082397
124,16,4,1,1,0.63653826713562
124,16,4,1,1,0.834229230880737
124,16,4,1,1,0.528533697128296
124,16,4,1,1,0.588678359985352
124,16,4,1,1,0.558407306671143
124,16,4,1,1,0.495686054229736
124,16,4,1,1,0.755634307861328
124,16,4,1,1,0.437161684036255
124,16,4,1,1,0.515833854675293
124,16,4,1,1,0.53624701499939
125,17,1,1,0,1.27824473381042
125,17,1,1,1,0.908170223236084
125,17,1,1,1,0.870520114898682
125,17,1,1,1,0.785834789276123
125,17,1,1,1,0.793649911880493
125,17,1,1,1,0.760361909866333
125,17,1,1,1,0.629519939422607
125,17,1,1,1,0.644618988037109
125,17,1,1,1,0.639212131500244
125,17,1,1,1,0.739805221557617
125,17,2,1,0,0.783400297164917
125,17,2,1,1,0.759207010269165
125,17,2,1,1,0.851093769073486
125,17,2,1,1,0.816352128982544
125,17,2,1,1,0.799700975418091
125,17,2,0,1,0.556391000747681
125,17,2,1,0,0.729130268096924
125,17,2,1,1,0.700513601303101
125,17,2,1,1,0.524081945419312
125,17,2,1,1,0.663840293884277
125,17,3,1,0,1.03164005279541
125,17,3,1,1,1.12404322624207
125,17,3,1,1,0.871752977371216
125,17,3,0,1,1.10090303421021
125,17,3,0,0,0.96003794670105
125,17,3,1,0,0.666077852249146
125,17,3,0,1,0.964090585708618
125,17,3,1,0,0.588228225708008
125,17,3,1,1,0.540644884109497
125,17,3,1,1,0.678704738616943
125,17,3,0,1,0.795437335968018
125,17,3,0,0,0.755887031555176
125,17,3,1,0,0.538177728652954
125,17,3,0,1,0.781081199645996
125,17,4,1,0,0.824015855789185
125,17,4,1,1,0.736784219741821
125,17,4,1,1,0.507283926010132
125,17,4,1,1,0.513300895690918
125,17,4,1,1,0.468740224838257
125,17,4,1,1,0.608370780944824
125,17,4,1,1,0.589592218399048
125,17,4,1,1,0.495544910430908
125,17,4,1,1,0.507810115814209
125,17,4,0,1,0.502921342849731
125,17,4,1,0,0.732854843139648
125,17,4,1,1,0.560926914215088
125,17,4,1,1,0.661639213562012
125,17,4,0,1,0.611571550369263
126,18,1,0,0,0.762539625167847
126,18,1,1,0,0.676970720291138
126,18,1,0,1,1.02279686927795
126,18,1,0,0,0.745790004730225
126,18,1,0,0,0.822904825210571
126,18,1,1,0,1.46431732177734
126,18,1,0,1,0.905803680419922
126,18,1,0,0,1.0049262046814
126,18,1,0,0,1.08892607688904
126,18,1,0,0,1.04743933677673
126,18,2,1,0,1.36026525497437
126,18,2,1,1,0.874978303909302
126,18,2,1,1,0.756783246994019
126,18,2,1,1,0.839282989501953
126,18,2,1,1,0.543475866317749
126,18,2,1,1,0.924979209899902
126,18,2,1,1,0.555135011672974
126,18,2,1,1,0.43651294708252
126,18,2,1,1,0.426574468612671
126,18,2,1,1,0.53822922706604
126,18,3,0,0,0.803033113479614
126,18,3,1,0,0.938297510147095
126,18,3,0,1,1.16570401191711
126,18,3,0,0,0.82212495803833
126,18,3,1,0,0.819716691970825
126,18,3,1,1,1.20416474342346
126,18,3,1,1,1.09427547454834
126,18,3,1,1,1.09119725227356
126,18,3,1,1,0.853754758834839
126,18,3,1,1,0.621871709823608
126,18,3,1,1,0.628880262374878
126,18,3,0,1,0.557755947113037
126,18,3,1,0,0.767575740814209
126,18,3,1,1,0.582318782806396
126,18,4,0,0,1.06990718841553
126,18,4,0,0,1.09990072250366
126,18,4,1,0,0.984949111938477
126,18,4,0,1,0.512817859649658
126,18,4,1,0,0.908167362213135
126,18,4,0,1,0.488705158233643
126,18,4,1,0,0.989081144332886
126,18,4,1,1,0.678317308425903
126,18,4,0,1,0.485927820205688
126,18,4,0,0,0.42724609375
126,18,4,0,0,0.394098997116089
126,18,4,0,0,0.402884006500244
126,18,4,1,0,0.393639087677002
126,18,4,1,1,0.612874984741211
127,19,1,1,0,0.771489143371582
127,19,1,1,1,0.924240350723267
127,19,1,1,1,0.897799968719482
127,19,1,1,1,0.797393321990967
127,19,1,1,1,0.790699243545532
127,19,1,1,1,0.713889122009277
127,19,1,1,1,0.62952733039856
127,19,1,1,1,0.815939426422119
127,19,1,1,1,0.814943313598633
127,19,1,1,1,0.822809934616089
127,19,2,1,0,1.07017254829407
127,19,2,1,1,0.652324199676514
127,19,2,1,1,0.608660459518433
127,19,2,1,1,0.72972846031189
127,19,2,1,1,0.845002174377441
127,19,2,1,1,0.64056134223938
127,19,2,1,1,0.575686931610107
127,19,2,1,1,0.545055627822876
127,19,2,0,1,0.591686725616455
127,19,2,1,0,0.709011554718018
127,19,3,1,0,1.1656539440155
127,19,3,0,1,0.827394008636475
127,19,3,1,0,1.44311332702637
127,19,3,0,1,0.829801321029663
127,19,3,1,0,1.01324534416199
127,19,3,1,1,0.861639976501465
127,19,3,0,1,1.07656335830688
127,19,3,0,0,0.759999990463257
127,19,3,1,0,0.877009391784668
127,19,3,1,1,0.794680118560791
127,19,3,0,1,0.930619239807129
127,19,3,1,0,0.518002033233643
127,19,3,0,1,0.936785697937012
127,19,3,0,0,0.80522608757019
127,19,4,0,0,0.814292430877686
127,19,4,1,0,1.05435705184937
127,19,4,0,1,0.999337434768677
127,19,4,0,0,0.479507207870483
127,19,4,0,0,0.597983121871948
127,19,4,0,0,0.803838491439819
127,19,4,0,0,0.796039342880249
127,19,4,0,0,0.573198318481445
127,19,4,0,0,0.533790349960327
127,19,4,0,0,0.491668224334717
127,19,4,0,0,0.712855100631714
127,19,4,0,0,0.612486124038696
127,19,4,0,0,0.752634763717651
127,19,4,0,0,0.887128353118896
128,20,1,0,0,1.05450105667114
128,20,1,0,0,0.751090526580811
128,20,1,0,0,0.784826517105103
128,20,1,0,0,1.04133176803589
128,20,1,0,0,1.01811504364014
128,20,1,0,0,0.971600770950317
128,20,1,0,0,0.761244297027588
128,20,1,0,0,0.986804246902466
128,20,1,0,0,0.665854692459106
128,20,1,1,0,0.551120519638062
128,20,2,1,0,0.67525577545166
128,20,2,0,1,0.602287530899048
128,20,2,0,0,0.392085313796997
128,20,2,0,0,0.483753442764282
128,20,2,0,0,0.629760980606079
128,20,2,0,0,0.530540466308594
128,20,2,0,0,0.705892324447632
128,20,2,0,0,0.710219621658325
128,20,2,0,0,0.853944063186646
128,20,2,0,0,0.853506088256836
128,20,3,0,0,0.828156232833862
128,20,3,0,0,0.907782316207886
128,20,3,0,0,0.942665338516235
128,20,3,1,0,0.960734367370605
128,20,3,1,1,0.827563047409058
128,20,3,0,1,0.675907135009766
128,20,3,1,0,0.87622857093811
128,20,3,1,1,0.561586618423462
128,20,3,0,1,0.916545391082764
128,20,3,1,0,0.944116353988647
128,20,3,1,1,0.763268709182739
128,20,3,1,1,0.676101446151733
128,20,3,1,1,0.864798784255981
128,20,4,1,0,0.560913562774658
128,20,4,1,1,0.467270612716675
128,20,4,0,1,0.377758264541626
128,20,4,0,0,0.53756308555603
128,20,4,0,0,0.592090368270874
128,20,4,1,0,0.512547492980957
128,20,4,1,1,0.484240531921387
128,20,4,0,1,0.577228307723999
128,20,4,1,0,0.453906536102295
128,20,4,1,1,0.753732442855835
128,20,4,0,1,0.948142766952515
128,20,4,1,0,0.84411096572876
128,20,4,1,1,0.506878614425659
128,20,4,0,1,0.568089246749878
906,21,1,1,0,0.981392621994019
906,21,1,1,1,0.993950128555298
906,21,1,1,1,0.734512329101562
906,21,1,1,1,0.93668532371521
906,21,1,1,1,0.885650634765625
906,21,1,1,1,0.832472324371338
906,21,1,1,1,0.953305959701538
906,21,1,1,1,0.667094707489014
906,21,1,1,1,0.882283926010132
906,21,1,1,1,0.664214134216309
906,21,1,0,1,0.820435762405396
906,21,1,1,0,0.745071411132812
906,21,2,1,0,0.926649808883667
906,21,2,1,1,0.864220380783081
906,21,2,1,1,0.745510578155518
906,21,2,1,1,0.809325456619263
906,21,2,1,1,0.852438688278198
906,21,2,1,1,0.806564331054688
906,21,2,1,1,0.871271848678589
906,21,2,1,1,0.917159557342529
906,21,2,1,1,0.800055265426636
906,21,2,1,1,0.774964809417725
906,21,2,1,1,0.757782220840454
906,21,2,1,1,0.693930625915527
906,21,3,0,0,1.05313467979431
906,21,3,0,0,0.749227046966553
906,21,3,0,0,0.691466331481934
906,21,3,0,0,0.687695503234863
906,21,3,0,0,0.715579986572266
906,21,3,0,0,0.785356521606445
906,21,3,0,0,0.748592615127563
906,21,3,0,0,0.698805570602417
906,21,3,0,0,0.731266021728516
906,21,3,0,0,0.65683126449585
906,21,3,0,0,0.678070545196533
906,21,3,0,0,0.689053535461426
906,21,4,0,0,0.861026763916016
906,21,4,1,0,0.811697721481323
906,21,4,0,1,0.691938877105713
906,21,4,0,0,0.725449800491333
906,21,4,0,0,0.946002721786499
906,21,4,1,0,0.696901321411133
906,21,4,0,1,0.800789594650269
906,21,4,0,0,1.11137342453003
906,21,4,0,0,0.893563508987427
906,21,4,0,0,0.602066993713379
906,21,4,0,0,0.623298406600952
906,21,4,0,0,0.729472637176514
907,22,1,0,0,1.39079904556274
907,22,1,0,0,1.17388510704041
907,22,1,0,0,1.16910862922668
907,22,1,1,0,1.00757575035095
907,22,1,0,1,0.985172748565674
907,22,1,0,0,1.11503171920776
907,22,1,0,0,1.05275177955627
907,22,1,0,0,0.838770389556885
907,22,1,0,0,0.73536229133606
907,22,1,0,0,1.08817720413208
907,22,1,0,0,0.866071224212646
907,22,1,0,0,1.05918097496033
907,22,2,1,0,0.88788628578186
907,22,2,0,1,0.771797180175781
907,22,2,0,0,0.877985954284668
907,22,2,0,0,0.98253345489502
907,22,2,1,0,1.04442715644836
907,22,2,0,1,1.39700841903687
907,22,2,0,0,1.06643271446228
907,22,2,0,0,0.948833703994751
907,22,2,0,0,0.909393310546875
907,22,2,1,0,1.10798764228821
907,22,2,0,1,1.01588654518127
907,22,2,1,0,0.746854066848755
907,22,3,1,0,0.760993480682373
907,22,3,1,1,0.873565435409546
907,22,3,1,1,0.813726186752319
907,22,3,1,1,0.881903886795044
907,22,3,1,1,0.845785617828369
907,22,3,1,1,0.806720018386841
907,22,3,1,1,0.577207803726196
907,22,3,1,1,0.685487031936646
907,22,3,1,1,0.686071157455444
907,22,3,1,1,0.563639163970947
907,22,3,1,1,0.590257167816162
907,22,3,1,1,0.702828407287598
907,22,4,0,0,0.790022850036621
907,22,4,1,0,0.961967706680298
907,22,4,1,1,1.00771808624268
907,22,4,1,1,0.784263372421265
907,22,4,1,1,0.844686985015869
907,22,4,1,1,0.816775560379028
907,22,4,1,1,0.780597686767578
907,22,4,1,1,0.71455192565918
907,22,4,1,1,0.673207998275757
907,22,4,1,1,0.757061004638672
907,22,4,1,1,0.826081037521362
907,22,4,1,1,0.770208597183228
908,23,1,0,0,1.15514183044434
908,23,1,0,0,1.18833374977112
908,23,1,1,0,1.3368980884552
908,23,1,0,1,1.15466094017029
908,23,1,0,0,0.933756351470947
908,23,1,0,0,0.867991924285889
908,23,1,0,0,1.03449559211731
908,23,1,0,0,0.953327655792236
908,23,1,0,0,0.832242012023926
908,23,1,0,0,0.827060461044312
908,23,1,1,0,0.717238426208496
908,23,1,0,1,0.971094608306885
908,23,2,0,0,1.00123572349548
908,23,2,0,0,0.9650719165802
908,23,2,0,0,1.12120842933655
908,23,2,0,0,0.802431344985962
908,23,2,0,0,0.744990348815918
908,23,2,0,0,0.613219022750854
908,23,2,0,0,0.6755051612854
908,23,2,0,0,0.895987749099731
908,23,2,0,0,0.773761749267578
908,23,2,0,0,0.856627464294434
908,23,2,0,0,0.707611799240112
908,23,2,0,0,0.639209747314453
908,23,3,0,0,1.11333537101746
908,23,3,0,0,1.19103860855103
908,23,3,0,0,1.0256974697113
908,23,3,0,0,0.819538831710815
908,23,3,0,0,0.797696590423584
908,23,3,1,0,0.881582021713257
908,23,3,0,1,0.838408231735229
908,23,3,1,0,0.712663650512695
908,23,3,0,1,0.84945273399353
908,23,3,0,0,0.896742105484009
908,23,3,0,0,0.894931077957153
908,23,3,0,0,0.656815767288208
908,23,4,0,0,0.692676782608032
908,23,4,0,0,0.92452335357666
908,23,4,0,0,0.802689790725708
908,23,4,0,0,0.925399541854858
908,23,4,0,0,0.874839782714844
908,23,4,0,0,0.756662130355835
908,23,4,0,0,0.71183705329895
908,23,4,0,0,0.7984459400177
908,23,4,0,0,0.970733404159546
908,23,4,0,0,0.720436096191406
908,23,4,0,0,0.666092157363892
908,23,4,0,0,0.767969369888306
909,24,1,1,0,1.35551476478577
909,24,1,0,1,1.32863450050354
909,24,1,0,0,0.732533931732178
909,24,1,0,0,0.802436351776123
909,24,1,0,0,0.752120971679688
909,24,1,0,0,0.729853868484497
909,24,1,0,0,0.541764497756958
909,24,1,0,0,0.620575189590454
909,24,1,0,0,0.629762172698975
909,24,1,0,0,0.955676555633545
909,24,1,0,0,0.84492564201355
909,24,1,0,0,0.556807994842529
909,24,2,1,0,1.12266731262207
909,24,2,1,1,1.11621594429016
909,24,2,1,1,0.96186900138855
909,24,2,1,1,0.695624828338623
909,24,2,1,1,0.729853868484497
909,24,2,1,1,0.922975540161133
909,24,2,1,1,0.734513759613037
909,24,2,1,1,0.939817905426025
909,24,2,1,1,0.701275825500488
909,24,2,1,1,1.02829360961914
909,24,2,1,1,0.83380913734436
909,24,2,1,1,0.800975322723389
909,24,3,1,0,0.966551780700684
909,24,3,0,1,0.777481555938721
909,24,3,0,0,0.975009441375732
909,24,3,0,0,0.624233722686768
909,24,3,0,0,0.679809331893921
909,24,3,0,0,0.809118747711182
909,24,3,0,0,0.901282072067261
909,24,3,0,0,0.617445468902588
909,24,3,0,0,0.884877920150757
909,24,3,0,0,0.715051412582397
909,24,3,0,0,0.679857015609741
909,24,3,0,0,0.722291231155396
909,24,4,0,0,1.06735038757324
909,24,4,0,0,0.733825922012329
909,24,4,0,0,1.09540128707886
909,24,4,0,0,0.921918153762817
909,24,4,0,0,0.537447214126587
909,24,4,0,0,0.651394128799438
909,24,4,0,0,0.651718616485596
909,24,4,0,0,1.02757096290588
909,24,4,0,0,0.627320528030396
909,24,4,1,0,0.911173820495605
909,24,4,0,1,0.806742668151855
909,24,4,0,0,0.660274982452393
910,25,1,0,0,1.22684025764465
910,25,1,1,0,0.858340978622437
910,25,1,0,1,1.40590143203735
910,25,1,0,0,0.516138315200806
910,25,1,0,0,1.11593389511108
910,25,1,0,0,0.932483673095703
910,25,1,0,0,0.615440368652344
910,25,1,0,0,0.613569974899292
910,25,1,0,0,0.521519899368286
910,25,1,0,0,0.669283866882324
910,25,1,0,0,0.534149408340454
910,25,1,0,0,0.577440977096558
910,25,2,1,0,0.89102578163147
910,25,2,1,1,1.00955033302307
910,25,2,1,1,0.973078966140747
910,25,2,1,1,0.695130586624146
910,25,2,1,1,0.796714067459106
910,25,2,1,1,1.35859823226929
910,25,2,1,1,0.776236057281494
910,25,2,1,1,0.831336259841919
910,25,2,1,1,0.787934303283691
910,25,2,0,1,0.747747659683228
910,25,2,1,0,0.682992219924927
910,25,2,0,1,0.736614227294922
910,25,3,0,0,1.00278615951538
910,25,3,1,0,1.05434226989746
910,25,3,0,1,1.09263896942139
910,25,3,0,0,0.687192678451538
910,25,3,0,0,1.20381641387939
910,25,3,0,0,0.917284965515137
910,25,3,0,0,0.58855414390564
910,25,3,0,0,0.812996625900269
910,25,3,0,0,0.754240989685059
910,25,3,0,0,0.561143159866333
910,25,3,0,0,0.583369255065918
910,25,3,0,0,0.444912672042847
910,25,4,1,0,0.739135503768921
910,25,4,0,1,0.954799175262451
910,25,4,0,0,0.9086594581604
910,25,4,0,0,0.922526121139526
910,25,4,0,0,0.806444644927979
910,25,4,0,0,0.872013092041016
910,25,4,0,0,0.881613969802856
910,25,4,0,0,1.02816319465637
910,25,4,0,0,0.952299356460571
910,25,4,0,0,0.615859508514404
910,25,4,0,0,0.600007295608521
910,25,4,0,0,1.04756355285645
911,26,1,1,0,1.25465440750122
911,26,1,1,1,1.19757270812988
911,26,1,1,1,0.831356048583984
911,26,1,1,1,0.712601900100708
911,26,1,1,1,0.881799697875977
911,26,1,1,1,1.11897706985474
911,26,1,1,1,0.917563915252686
911,26,1,1,1,0.684462547302246
911,26,1,1,1,0.618379354476929
911,26,1,1,1,0.768640756607056
911,26,1,1,1,1.15571880340576
911,26,1,1,1,0.892850399017334
911,26,2,0,0,0.703570127487183
911,26,2,0,0,0.729163408279419
911,26,2,0,0,0.639408826828003
911,26,2,0,0,0.631144285202026
911,26,2,0,0,0.632057905197144
911,26,2,0,0,0.743583202362061
911,26,2,0,0,0.803224325180054
911,26,2,1,0,0.759712219238281
911,26,2,0,1,0.989622592926025
911,26,2,0,0,1.04405641555786
911,26,2,0,0,0.779622793197632
911,26,2,0,0,0.685611009597778
911,26,3,0,0,1.13284730911255
911,26,3,1,0,0.916075229644775
911,26,3,1,1,1.11285591125488
911,26,3,1,1,0.96947455406189
911,26,3,1,1,0.795042276382446
911,26,3,1,1,1.00033450126648
911,26,3,1,1,1.19650936126709
911,26,3,1,1,0.903729200363159
911,26,3,1,1,0.735413551330566
911,26,3,1,1,0.670155048370361
911,26,3,1,1,0.695376873016357
911,26,3,1,1,0.609958648681641
911,26,4,1,0,0.598830223083496
911,26,4,1,1,0.743573665618896
911,26,4,0,1,0.929094552993774
911,26,4,1,0,0.811131954193115
911,26,4,1,1,0.583650588989258
911,26,4,1,1,0.653900384902954
911,26,4,1,1,1.00052785873413
911,26,4,1,1,0.802135705947876
911,26,4,1,1,0.731352567672729
911,26,4,1,1,0.884399175643921
911,26,4,1,1,0.640499830245972
911,26,4,1,1,0.585893869400024
912,27,1,1,0,0.740762233734131
912,27,1,1,1,0.65842342376709
912,27,1,1,1,0.644861221313477
912,27,1,1,1,0.551730632781982
912,27,1,1,1,0.592941761016846
912,27,1,1,1,0.518962144851685
912,27,1,1,1,0.538781881332397
912,27,1,1,1,0.518745899200439
912,27,1,1,1,0.573206424713135
912,27,1,1,1,0.516128301620483
912,27,1,1,1,0.480366706848145
912,27,1,1,1,0.548410415649414
912,27,2,0,0,0.770824909210205
912,27,2,0,0,0.669721603393555
912,27,2,0,0,0.635287523269653
912,27,2,0,0,0.387056589126587
912,27,2,0,0,0.5519118309021
912,27,2,0,0,0.490152359008789
912,27,2,0,0,0.653057098388672
912,27,2,0,0,0.682964324951172
912,27,2,0,0,0.61555004119873
912,27,2,0,0,0.656731605529785
912,27,2,0,0,0.568292140960693
912,27,2,0,0,0.502835273742676
912,27,3,0,0,0.762752056121826
912,27,3,0,0,0.482005834579468
912,27,3,0,0,0.656551599502563
912,27,3,0,0,0.668115615844727
912,27,3,0,0,0.525025606155396
912,27,3,0,0,1.14357256889343
912,27,3,0,0,0.490928649902344
912,27,3,0,0,0.549834728240967
912,27,3,0,0,0.505318641662598
912,27,3,0,0,0.475290536880493
912,27,3,0,0,0.700178146362305
912,27,3,0,0,0.626656293869019
912,27,4,0,0,0.769195795059204
912,27,4,0,0,0.611645460128784
912,27,4,1,0,0.711698532104492
912,27,4,1,1,0.557008028030396
912,27,4,0,1,0.56010890007019
912,27,4,1,0,0.635192155838013
912,27,4,0,1,0.490092277526855
912,27,4,0,0,0.509910583496094
912,27,4,0,0,0.514122724533081
912,27,4,0,0,0.597032785415649
912,27,4,0,0,0.741297245025635
912,27,4,0,0,0.572872638702393
913,28,1,1,0,1.06414937973022
913,28,1,1,1,1.19802451133728
913,28,1,1,1,1.02785420417786
913,28,1,1,1,0.929692268371582
913,28,1,1,1,0.88687801361084
913,28,1,1,1,0.922430276870728
913,28,1,1,1,0.911510944366455
913,28,1,1,1,0.95619535446167
913,28,1,1,1,0.931711673736572
913,28,1,1,1,0.875814914703369
913,28,1,1,1,0.994758367538452
913,28,1,1,1,0.809279441833496
913,28,2,1,0,0.906779527664185
913,28,2,1,1,0.929717302322388
913,28,2,1,1,0.871502876281738
913,28,2,1,1,1.15174126625061
913,28,2,1,1,0.915576457977295
913,28,2,1,1,1.07442092895508
913,28,2,1,1,0.769874334335327
913,28,2,1,1,0.763091802597046
913,28,2,1,1,1.09800839424133
913,28,2,1,1,0.672558546066284
913,28,2,1,1,0.738134384155273
913,28,2,1,1,0.542373418807983
913,28,3,0,0,1.06853222846985
913,28,3,0,0,0.952753782272339
913,28,3,1,0,1.38830161094666
913,28,3,0,1,0.717693567276001
913,28,3,0,0,0.711305379867554
913,28,3,0,0,0.859114170074463
913,28,3,0,0,0.95130729675293
913,28,3,1,0,0.832358598709106
913,28,3,0,1,0.945966958999634
913,28,3,0,0,1.05743145942688
913,28,3,1,0,1.01767086982727
913,28,3,0,1,0.774320125579834
913,28,4,0,0,0.808194160461426
913,28,4,0,0,0.959674119949341
913,28,4,0,0,1.01983499526978
913,28,4,0,0,0.806439638137817
913,28,4,0,0,0.885627746582031
913,28,4,0,0,0.69080662727356
913,28,4,0,0,0.814999341964722
913,28,4,0,0,0.743993759155273
913,28,4,0,0,0.701761484146118
913,28,4,0,0,0.707276344299316
913,28,4,0,0,0.679191827774048
913,28,4,0,0,0.691057920455933
915,29,1,0,0,0.894787549972534
915,29,1,0,0,0.980915307998657
915,29,1,0,0,0.657183647155762
915,29,1,0,0,0.607274770736694
915,29,1,0,0,0.921859741210938
915,29,1,0,0,0.833742380142212
915,29,1,0,0,0.694446325302124
915,29,1,0,0,0.566114187240601
915,29,1,0,0,0.7076096534729
915,29,1,0,0,0.84014105796814
915,29,1,0,0,0.990705966949463
915,29,1,0,0,0.666993141174316
915,29,2,1,0,1.37936902046204
915,29,2,1,1,0.982772350311279
915,29,2,1,1,0.747257709503174
915,29,2,1,1,0.898168563842773
915,29,2,1,1,0.582987785339355
915,29,2,1,1,0.656221389770508
915,29,2,1,1,0.602099657058716
915,29,2,1,1,0.723392009735107
915,29,2,1,1,0.923242568969727
915,29,2,1,1,0.665750503540039
915,29,2,1,1,0.533622741699219
915,29,2,1,1,0.706125497817993
915,29,3,1,0,1.16007494926453
915,29,3,1,1,0.743849754333496
915,29,3,1,1,0.720426321029663
915,29,3,1,1,0.77803111076355
915,29,3,1,1,1.04655981063843
915,29,3,1,1,0.806541204452515
915,29,3,1,1,0.811765193939209
915,29,3,1,1,0.652575492858887
915,29,3,1,1,0.891830444335938
915,29,3,1,1,0.737730503082275
915,29,3,1,1,0.907834053039551
915,29,3,1,1,0.793704271316528
915,29,4,0,0,1.31948161125183
915,29,4,1,0,0.94991135597229
915,29,4,0,1,1.17411613464355
915,29,4,1,0,0.877971172332764
915,29,4,1,1,0.867556810379028
915,29,4,1,1,0.552976846694946
915,29,4,1,1,0.604814767837524
915,29,4,1,1,0.592921018600464
915,29,4,1,1,0.592530012130737
915,29,4,1,1,0.741338968276978
915,29,4,1,1,0.687432050704956
915,29,4,1,1,0.624442100524902
916,30,1,1,0,0.773535013198853
916,30,1,1,1,0.728707790374756
916,30,1,1,1,0.739930152893066
916,30,1,1,1,0.822115898132324
916,30,1,1,1,0.977304697036743
916,30,1,1,1,1.04181432723999
916,30,1,1,1,0.719427824020386
916,30,1,0,1,0.906298875808716
916,30,1,1,0,0.693379640579224
916,30,1,0,1,0.766440153121948
916,30,1,1,0,0.578215837478638
916,30,1,1,1,0.680724382400513
916,30,2,1,0,0.937723875045776
916,30,2,1,1,0.809268474578857
916,30,2,1,1,0.702454566955566
916,30,2,1,1,0.661698579788208
916,30,2,1,1,0.835935592651367
916,30,2,1,1,0.830052852630615
916,30,2,1,1,0.803577661514282
916,30,2,1,1,0.686489105224609
916,30,2,1,1,0.755676031112671
916,30,2,1,1,0.707802295684814
916,30,2,1,1,0.696387052536011
916,30,2,1,1,0.689322233200073
916,30,3,0,0,0.657189130783081
916,30,3,0,0,0.597602367401123
916,30,3,0,0,0.776887893676758
916,30,3,1,0,0.793838977813721
916,30,3,0,1,0.78973388671875
916,30,3,0,0,0.76646900177002
916,30,3,1,0,0.804018974304199
916,30,3,0,1,0.681327342987061
916,30,3,0,0,0.730454444885254
916,30,3,0,0,0.815726757049561
916,30,3,0,0,0.707942485809326
916,30,3,0,0,0.729157686233521
916,30,4,1,0,0.853380680084229
916,30,4,1,1,1.06389164924622
916,30,4,1,1,0.738519191741943
916,30,4,1,1,0.733747720718384
916,30,4,0,1,0.632877349853516
916,30,4,1,0,0.907793760299683
916,30,4,0,1,0.587015628814697
916,30,4,0,0,0.711922883987427
916,30,4,0,0,0.829679727554321
916,30,4,1,0,0.970183849334717
916,30,4,1,1,0.717118740081787
916,30,4,0,1,0.760764837265015
917,31,1,1,0,1.10511779785156
917,31,1,1,1,1.40085959434509
917,31,1,1,1,1.17770409584045
917,31,1,1,1,0.910271167755127
917,31,1,1,1,0.896054983139038
917,31,1,1,1,1.12162947654724
917,31,1,1,1,1.0241494178772
917,31,1,1,1,1.13738822937012
917,31,1,1,1,0.955557584762573
917,31,1,1,1,1.08719253540039
917,31,1,1,1,0.840919017791748
917,31,1,1,1,1.1565465927124
917,31,2,1,0,1.11880707740784
917,31,2,1,1,0.758651971817017
917,31,2,1,1,0.769621133804321
917,31,2,1,1,0.948667049407959
917,31,2,0,1,0.943174362182617
917,31,2,1,0,1.06306552886963
917,31,2,1,1,0.91830039024353
917,31,2,1,1,1.14215731620789
917,31,2,1,1,1.28303742408752
917,31,2,1,1,0.959880590438843
917,31,2,1,1,0.790078401565552
917,31,2,1,1,0.691948652267456
917,31,3,1,0,1.31355333328247
917,31,3,0,1,1.24241662025452
917,31,3,0,0,1.21042418479919
917,31,3,0,0,1.31067752838135
917,31,3,0,0,0.980227470397949
917,31,3,0,0,1.09176969528198
917,31,3,0,0,0.853963375091553
917,31,3,0,0,0.996134757995605
917,31,3,0,0,0.992327213287354
917,31,3,0,0,0.947871923446655
917,31,3,0,0,0.963088512420654
917,31,3,0,0,0.88431978225708
917,31,4,0,0,1.04333162307739
917,31,4,0,0,0.904510498046875
917,31,4,0,0,0.902166843414307
917,31,4,0,0,0.914044857025146
917,31,4,0,0,1.08094429969788
917,31,4,0,0,0.806955099105835
917,31,4,0,0,0.908645153045654
917,31,4,0,0,0.945104837417603
917,31,4,0,0,1.12239694595337
917,31,4,0,0,1.09097671508789
917,31,4,0,0,0.874475240707397
917,31,4,0,0,0.843563318252563
918,32,1,1,0,1.31868457794189
918,32,1,1,1,0.726357698440552
918,32,1,1,1,0.716741800308228
918,32,1,1,1,0.892716646194458
918,32,1,1,1,0.859608888626099
918,32,1,1,1,0.725489616394043
918,32,1,1,1,0.94642162322998
918,32,1,1,1,0.951598644256592
918,32,1,1,1,0.80476713180542
918,32,1,1,1,0.864319324493408
918,32,1,1,1,1.09015154838562
918,32,1,1,1,0.796662330627441
918,32,2,0,0,0.967868566513062
918,32,2,0,0,0.97909688949585
918,32,2,0,0,0.988597869873047
918,32,2,0,0,0.741452693939209
918,32,2,0,0,0.806957483291626
918,32,2,0,0,0.765546321868896
918,32,2,0,0,0.814961910247803
918,32,2,0,0,0.792951822280884
918,32,2,0,0,0.776396751403809
918,32,2,0,0,0.748285531997681
918,32,2,0,0,0.794252157211304
918,32,2,0,0,0.790819406509399
918,32,3,1,0,1.27108311653137
918,32,3,1,1,1.05464243888855
918,32,3,1,1,0.910519599914551
918,32,3,1,1,1.0030415058136
918,32,3,1,1,0.656247615814209
918,32,3,1,1,0.692254543304443
918,32,3,1,1,0.747451305389404
918,32,3,1,1,0.87923264503479
918,32,3,0,1,0.633473634719849
918,32,3,1,0,0.925644159317017
918,32,3,1,1,0.796495199203491
918,32,3,0,1,0.871957063674927
918,32,4,0,0,0.801592111587524
918,32,4,0,0,1.21049451828003
918,32,4,0,0,0.989075422286987
918,32,4,0,0,0.909990072250366
918,32,4,0,0,0.802549600601196
918,32,4,0,0,0.878024339675903
918,32,4,0,0,0.846288681030273
918,32,4,0,0,0.797422885894775
918,32,4,0,0,0.709317445755005
918,32,4,0,0,0.732230663299561
918,32,4,0,0,0.730069637298584
918,32,4,0,0,0.783349990844727
919,33,1,1,0,1.200190782547
919,33,1,1,1,0.838675737380981
919,33,1,1,1,0.769864320755005
919,33,1,1,1,0.892119884490967
919,33,1,1,1,1.10762023925781
919,33,1,0,1,1.13642501831055
919,33,1,0,0,1.26399207115173
919,33,1,1,0,1.09410190582275
919,33,1,1,1,0.687160015106201
919,33,1,1,1,0.75627613067627
919,33,1,1,1,0.771881580352783
919,33,1,1,1,0.832340478897095
919,33,2,0,0,1.03929996490479
919,33,2,0,0,1.13709259033203
919,33,2,0,0,1.18405103683472
919,33,2,0,0,0.839183568954468
919,33,2,0,0,0.929710865020752
919,33,2,0,0,0.753622055053711
919,33,2,0,0,1.0718240737915
919,33,2,0,0,1.2123589515686
919,33,2,0,0,0.603868246078491
919,33,2,0,0,1.03668117523193
919,33,2,0,0,1.2569522857666
919,33,2,0,0,0.753813743591309
919,33,3,1,0,1.40998220443726
919,33,3,1,1,0.869581460952759
919,33,3,1,1,1.06046843528748
919,33,3,1,1,0.743538618087769
919,33,3,1,1,0.813467025756836
919,33,3,1,1,0.988649845123291
919,33,3,1,1,0.758823394775391
919,33,3,1,1,0.852609872817993
919,33,3,1,1,0.827904939651489
919,33,3,1,1,0.636261701583862
919,33,3,1,1,0.692456960678101
919,33,3,1,1,0.589383125305176
919,33,4,1,0,1.04288601875305
919,33,4,0,1,0.737114191055298
919,33,4,0,0,1.35299134254456
919,33,4,1,0,0.878255605697632
919,33,4,0,1,0.730217933654785
919,33,4,0,0,1.21712207794189
919,33,4,1,0,0.96403980255127
919,33,4,1,1,0.618129253387451
919,33,4,0,1,1.33776092529297
919,33,4,1,0,0.794699192047119
919,33,4,0,1,1.06618213653564
919,33,4,1,0,0.740333557128906
920,34,1,1,0,1.12467765808105
920,34,1,0,1,0.672857046127319
920,34,1,0,0,0.788806200027466
920,34,1,0,0,0.940763235092163
920,34,1,0,0,0.899855136871338
920,34,1,0,0,0.983079671859741
920,34,1,0,0,1.3096399307251
920,34,1,0,0,1.1865017414093
920,34,1,0,0,0.728019714355469
920,34,1,0,0,0.672481298446655
920,34,1,0,0,0.690006732940674
920,34,1,0,0,0.718851804733276
920,34,2,1,0,0.543166160583496
920,34,2,1,1,0.687521457672119
920,34,2,1,1,0.542946100234985
920,34,2,1,1,0.663797855377197
920,34,2,1,1,0.655033588409424
920,34,2,1,1,0.596592903137207
920,34,2,1,1,0.541156053543091
920,34,2,1,1,0.755630731582642
920,34,2,1,1,0.705025911331177
920,34,2,1,1,0.607995986938477
920,34,2,1,1,0.730927705764771
920,34,2,1,1,0.751835584640503
920,34,3,0,0,0.992626428604126
920,34,3,0,0,1.2847421169281
920,34,3,1,0,1.47460412979126
920,34,3,0,1,1.04088497161865
920,34,3,1,0,0.779150009155273
920,34,3,0,1,1.38752388954163
920,34,3,1,0,0.763361215591431
920,34,3,1,1,0.709868669509888
920,34,3,1,1,0.707540988922119
920,34,3,1,1,0.650191068649292
920,34,3,1,1,0.714959144592285
920,34,3,1,1,0.872470855712891
920,34,4,0,0,0.559370994567871
920,34,4,1,0,0.773266553878784
920,34,4,1,1,1.05942273139954
920,34,4,0,1,0.571318864822388
920,34,4,1,0,0.868937492370605
920,34,4,1,1,0.755800485610962
920,34,4,0,1,0.592068433761597
920,34,4,0,0,0.874645471572876
920,34,4,0,0,0.707228660583496
920,34,4,0,0,0.680864334106445
920,34,4,1,0,1.06025981903076
920,34,4,0,1,0.605083227157593
921,35,1,0,0,1.30369544029236
921,35,1,1,0,0.864094018936157
921,35,1,1,1,0.849282741546631
921,35,1,1,1,0.72885537147522
921,35,1,1,1,0.937752485275269
921,35,1,1,1,0.768947124481201
921,35,1,1,1,0.639156341552734
921,35,1,0,1,0.836280107498169
921,35,1,0,0,0.901161670684814
921,35,1,1,0,0.870087862014771
921,35,1,1,1,1.17785024642944
921,35,1,1,1,1.05638861656189
921,35,2,1,0,0.921284675598145
921,35,2,1,1,0.864787101745605
921,35,2,1,1,0.780614137649536
921,35,2,1,1,0.759436845779419
921,35,2,1,1,0.751568794250488
921,35,2,1,1,0.78856897354126
921,35,2,1,1,0.751090049743652
921,35,2,1,1,0.620985746383667
921,35,2,1,1,0.643976449966431
921,35,2,1,1,0.628464221954346
921,35,2,1,1,0.786767482757568
921,35,2,1,1,0.805634260177612
921,35,3,1,0,0.720870971679688
921,35,3,1,1,0.9319007396698
921,35,3,1,1,0.870758533477783
921,35,3,1,1,0.942559719085693
921,35,3,1,1,0.786790132522583
921,35,3,1,1,0.812512397766113
921,35,3,1,1,0.922090530395508
921,35,3,1,1,0.787317037582397
921,35,3,1,1,0.984250783920288
921,35,3,1,1,1.02163100242615
921,35,3,1,1,1.15080618858337
921,35,3,1,1,1.17423462867737
921,35,4,0,0,1.00303840637207
921,35,4,0,0,0.835965871810913
921,35,4,0,0,0.807410478591919
921,35,4,0,0,0.722693920135498
921,35,4,1,0,0.748332023620605
921,35,4,0,1,0.855536937713623
921,35,4,0,0,0.962820291519165
921,35,4,0,0,0.747631788253784
921,35,4,0,0,0.921984910964966
921,35,4,0,0,0.659551620483398
921,35,4,0,0,1.06436038017273
921,35,4,0,0,0.749181509017944
922,36,1,1,0,0.916816711425781
922,36,1,0,1,0.732331991195679
922,36,1,1,0,0.720237493515015
922,36,1,0,1,1.30912208557129
922,36,1,0,0,0.775651693344116
922,36,1,0,0,0.699522256851196
922,36,1,1,0,1.07378077507019
922,36,1,0,1,0.784051656723022
922,36,1,0,0,0.743095874786377
922,36,1,1,0,1.01098155975342
922,36,1,0,1,1.24287915229797
922,36,1,0,0,1.17497110366821
922,36,2,1,0,1.35084795951843
922,36,2,1,1,0.629223585128784
922,36,2,1,1,0.61946439743042
922,36,2,0,1,0.682982683181763
922,36,2,1,0,0.626206398010254
922,36,2,1,1,0.589049100875854
922,36,2,1,1,0.485612392425537
922,36,2,1,1,0.47081732749939
922,36,2,1,1,0.65932297706604
922,36,2,0,1,0.762202501296997
922,36,2,0,0,0.895742416381836
922,36,2,1,0,0.825643062591553
922,36,3,0,0,1.31923985481262
922,36,3,0,0,0.728924751281738
922,36,3,0,0,0.569431304931641
922,36,3,0,0,0.676283359527588
922,36,3,1,0,0.647096157073975
922,36,3,0,1,0.639747619628906
922,36,3,0,0,0.927820205688477
922,36,3,0,0,0.857393264770508
922,36,3,0,0,0.802768230438232
922,36,3,0,0,0.713908195495605
922,36,3,0,0,0.649808168411255
922,36,3,0,0,0.715378046035767
922,36,4,1,0,0.872664213180542
922,36,4,0,1,0.627033233642578
922,36,4,1,0,0.842925310134888
922,36,4,1,1,0.627133131027222
922,36,4,1,1,0.521046876907349
922,36,4,0,1,0.539646625518799
922,36,4,0,0,0.551553010940552
922,36,4,0,0,0.544510126113892
922,36,4,1,0,0.622748613357544
922,36,4,0,1,0.666557312011719
922,36,4,0,0,0.633843660354614
922,36,4,1,0,0.823074817657471
923,37,1,1,0,0.71091365814209
923,37,1,1,1,1.00209307670593
923,37,1,1,1,1.20832014083862
923,37,1,1,1,0.810966968536377
923,37,1,1,1,1.19641757011414
923,37,1,1,1,1.17921710014343
923,37,1,1,1,0.741547822952271
923,37,1,1,1,1.0390567779541
923,37,1,1,1,1.22673797607422
923,37,1,1,1,0.660618543624878
923,37,1,1,1,0.657180070877075
923,37,1,1,1,0.975190162658691
923,37,2,1,0,1.42495465278625
923,37,2,1,1,0.879983186721802
923,37,2,1,1,1.10354661941528
923,37,2,1,1,0.732560873031616
923,37,2,1,1,0.844169616699219
923,37,2,1,1,0.901020526885986
923,37,2,1,1,0.773250579833984
923,37,2,1,1,0.701005697250366
923,37,2,1,1,0.642708778381348
923,37,2,0,1,0.662596464157104
923,37,2,1,0,0.896157503128052
923,37,2,1,1,0.678498268127441
923,37,3,1,0,1.03100895881653
923,37,3,0,1,1.138516664505
923,37,3,1,0,1.11647915840149
923,37,3,1,1,0.775366544723511
923,37,3,1,1,0.906827688217163
923,37,3,1,1,0.774921655654907
923,37,3,1,1,0.826107501983643
923,37,3,0,1,0.752092838287354
923,37,3,1,0,0.841570854187012
923,37,3,0,1,0.935667753219604
923,37,3,1,0,0.685478210449219
923,37,3,1,1,1.41142058372498
923,37,4,0,0,0.597083806991577
923,37,4,1,0,0.862360715866089
923,37,4,1,1,0.74200963973999
923,37,4,1,1,1.15171122550964
923,37,4,0,1,0.705038547515869
923,37,4,0,0,0.563514232635498
923,37,4,1,0,0.96546745300293
923,37,4,1,1,0.877264261245728
923,37,4,0,1,0.626881837844849
923,37,4,0,0,0.516109704971313
923,37,4,0,0,0.588911771774292
923,37,4,1,0,0.879193067550659
924,38,1,0,0,1.42805361747742
924,38,1,1,0,1.2009289264679
924,38,1,1,1,1.19316577911377
924,38,1,1,1,1.04799175262451
924,38,1,1,1,1.1898341178894
924,38,1,1,1,1.0417103767395
924,38,1,1,1,0.781947374343872
924,38,1,1,1,1.0465247631073
924,38,1,1,1,0.998735189437866
924,38,1,1,1,0.992896795272827
924,38,1,1,1,1.21596741676331
924,38,1,1,1,1.06350064277649
924,38,2,1,0,0.974661827087402
924,38,2,1,1,1.06822466850281
924,38,2,1,1,1.02773022651672
924,38,2,1,1,1.10856652259827
924,38,2,1,1,1.10698413848877
924,38,2,0,1,0.816054582595825
924,38,2,1,0,1.01193165779114
924,38,2,1,1,1.13882255554199
924,38,2,1,1,1.08799648284912
924,38,2,1,1,0.915882349014282
924,38,2,1,1,0.94050121307373
924,38,3,1,0,1.13299560546875
924,38,3,1,1,1.08022665977478
924,38,3,1,1,0.900445222854614
924,38,3,1,1,1.45371270179749
924,38,3,1,1,1.12122750282288
924,38,3,1,1,0.87700080871582
924,38,3,1,1,0.924892425537109
924,38,3,1,1,1.24901366233826
924,38,3,1,1,1.16719079017639
924,38,3,1,1,1.25368762016296
924,38,3,1,1,1.05824017524719
924,38,3,1,1,0.917125225067139
924,38,4,1,0,1.46713590621948
924,38,4,1,1,0.994117736816406
924,38,4,1,1,1.13818979263306
924,38,4,1,1,1.153080701828
924,38,4,1,1,0.876301288604736
924,38,4,1,1,1.25925993919373
924,38,4,1,1,0.945873498916626
924,38,4,1,1,1.19259524345398
924,38,4,1,1,1.05357122421265
924,38,4,1,1,0.864783525466919
924,38,4,1,1,0.913387775421143
924,38,4,1,1,1.08995056152344
927,39,1,1,0,1.30052447319031
927,39,1,1,1,0.878422498703003
927,39,1,0,1,0.711662292480469
927,39,1,0,0,0.807436943054199
927,39,1,0,0,1.09106755256653
927,39,1,0,0,1.02099537849426
927,39,1,0,0,0.840716600418091
927,39,1,0,0,0.838711738586426
927,39,1,0,0,0.923060894012451
927,39,1,0,0,0.744601011276245
927,39,1,1,0,1.08718943595886
927,39,1,0,1,0.781344652175903
927,39,2,0,0,1.37351775169373
927,39,2,1,0,1.04873967170715
927,39,2,1,1,1.23152565956116
927,39,2,1,1,1.20607686042786
927,39,2,0,1,0.810171365737915
927,39,2,1,0,1.08833789825439
927,39,2,1,1,0.975849628448486
927,39,2,1,1,0.859757423400879
927,39,2,1,1,0.984295845031738
927,39,2,1,1,1.00120043754578
927,39,2,1,1,1.05774426460266
927,39,2,1,1,1.07630157470703
927,39,3,1,0,0.709828853607178
927,39,3,0,1,0.852439880371094
927,39,3,0,0,0.987241506576538
927,39,3,0,0,1.24439525604248
927,39,3,0,0,1.09099960327148
927,39,3,0,0,1.22549986839294
927,39,3,0,0,1.19742703437805
927,39,3,0,0,0.930778503417969
927,39,3,0,0,1.06227350234985
927,39,3,0,0,0.871891975402832
927,39,3,0,0,1.31644058227539
927,39,3,1,0,1.08490443229675
927,39,4,0,0,1.1817729473114
927,39,4,1,0,1.07107901573181
927,39,4,1,1,1.1785717010498
927,39,4,1,1,0.93646502494812
927,39,4,0,1,1.03018236160278
927,39,4,1,0,0.970293521881104
927,39,4,1,1,0.850846767425537
927,39,4,1,1,0.867319583892822
927,39,4,1,1,1.13935351371765
927,39,4,1,1,1.02624464035034
927,39,4,0,1,1.1954824924469
927,39,4,1,0,0.860218524932861
928,40,1,0,0,0.62174654006958
928,40,1,1,0,1.23746967315674
928,40,1,1,1,1.28797602653503
928,40,1,1,1,1.04520583152771
928,40,1,1,1,1.02434659004211
928,40,1,1,1,0.916907787322998
928,40,1,1,1,1.15412664413452
928,40,1,0,1,1.11145853996277
928,40,1,1,0,1.1438889503479
928,40,1,1,1,0.877705335617065
928,40,1,1,1,1.13227224349976
928,40,1,1,1,1.03215146064758
928,40,2,0,0,0.817292213439941
928,40,2,0,0,0.603856563568115
928,40,2,0,0,0.629762649536133
928,40,2,0,0,0.927896738052368
928,40,2,0,0,0.638173580169678
928,40,2,0,0,0.838732242584229
928,40,2,0,0,0.700633525848389
928,40,2,0,0,0.837862253189087
928,40,2,0,0,0.804314374923706
928,40,2,0,0,0.837477684020996
928,40,2,0,0,0.721294403076172
928,40,2,0,0,0.768523216247559
928,40,3,0,0,0.799625396728516
928,40,3,1,0,1.12490916252136
928,40,3,0,1,1.03852653503418
928,40,3,1,0,1.21537446975708
928,40,3,1,1,1.45593881607056
928,40,3,1,1,1.34040069580078
928,40,3,1,1,1.18696451187134
928,40,3,1,1,1.43841242790222
928,40,3,1,1,1.38261556625366
928,40,3,1,1,0.977514266967773
928,40,4,0,0,0.732881784439087
928,40,4,0,0,0.711698293685913
928,40,4,0,0,0.600890874862671
928,40,4,0,0,0.775644540786743
928,40,4,0,0,1.04092264175415
928,40,4,0,0,0.946808338165283
928,40,4,0,0,0.685362339019775
928,40,4,0,0,0.906604528427124
928,40,4,0,0,0.852617502212524
928,40,4,0,0,0.808982133865356
928,40,4,1,0,0.979348421096802
928,40,4,0,1,0.767852544784546
929,41,1,1,0,0.68941855430603
929,41,1,1,1,1.1806628704071
929,41,1,1,1,1.11721038818359
929,41,1,1,1,0.650322914123535
929,41,1,1,1,0.734230756759644
929,41,1,1,1,0.685181617736816
929,41,1,1,1,0.591339826583862
929,41,1,1,1,0.848544359207153
929,41,1,1,1,0.705461740493774
929,41,1,1,1,0.512285709381104
929,41,1,0,1,0.554547786712646
929,41,1,0,0,0.58607292175293
929,41,2,0,0,0.583620309829712
929,41,2,0,0,0.585773706436157
929,41,2,0,0,0.643375396728516
929,41,2,0,0,0.617595434188843
929,41,2,0,0,0.617172002792358
929,41,2,0,0,0.587407827377319
929,41,2,0,0,0.558980703353882
929,41,2,0,0,0.638225317001343
929,41,2,0,0,0.524393796920776
929,41,2,0,0,0.725243806838989
929,41,2,0,0,0.573124170303345
929,41,2,0,0,0.641950368881226
929,41,3,0,0,0.707373380661011
929,41,3,0,0,0.97357439994812
929,41,3,0,0,0.956022500991821
929,41,3,1,0,1.01429915428162
929,41,3,0,1,0.612602710723877
929,41,3,0,0,0.587219476699829
929,41,3,1,0,0.48106861114502
929,41,3,1,1,0.720741033554077
929,41,3,1,1,0.670930862426758
929,41,3,0,1,0.641821146011353
929,41,3,1,0,0.868293523788452
929,41,3,0,1,0.666016340255737
929,41,4,0,0,0.52858829498291
929,41,4,0,0,0.6455397605896
929,41,4,0,0,0.713699340820312
929,41,4,1,0,0.563355922698975
929,41,4,1,1,0.463613510131836
929,41,4,1,1,0.551180601119995
929,41,4,1,1,0.868029594421387
929,41,4,0,1,0.564211845397949
929,41,4,1,0,0.85600733757019
929,41,4,0,1,0.550919532775879
929,41,4,1,0,0.983007907867432
929,41,4,0,1,0.778532266616821
930,42,1,1,0,0.974260330200195
930,42,1,0,1,0.861320018768311
930,42,1,0,0,0.841552257537842
930,42,1,0,0,1.01309967041016
930,42,1,0,0,0.849123001098633
930,42,1,0,0,0.780232667922974
930,42,1,1,0,0.783921241760254
930,42,1,0,1,1.12441992759705
930,42,1,0,0,0.85141134262085
930,42,1,0,0,0.775558233261108
930,42,1,0,0,0.946877241134644
930,42,1,0,0,1.06501770019531
930,42,2,0,0,1.43460893630981
930,42,2,0,0,1.40024256706238
930,42,2,0,0,1.1411714553833
930,42,2,0,0,1.07123923301697
930,42,2,1,0,0.967431545257568
930,42,2,1,1,0.76002311706543
930,42,2,0,1,0.867925643920898
930,42,2,0,0,0.834821939468384
930,42,2,0,0,0.778129816055298
930,42,2,0,0,1.09056210517883
930,42,2,1,0,0.790120601654053
930,42,2,0,1,1.05790233612061
930,42,3,0,0,1.23312187194824
930,42,3,0,0,0.825592756271362
930,42,3,1,0,0.964711904525757
930,42,3,0,1,0.746942043304443
930,42,3,1,0,0.887212753295898
930,42,3,0,1,0.831163644790649
930,42,3,0,0,0.713407516479492
930,42,3,1,0,0.884047031402588
930,42,3,1,1,1.05786228179932
930,42,3,1,1,0.843475103378296
930,42,3,1,1,0.733063936233521
930,42,3,0,1,0.679017066955566
930,42,4,0,0,1.32637000083923
930,42,4,1,0,1.38213014602661
930,42,4,0,1,1.19700407981873
930,42,4,1,0,1.12083411216736
930,42,4,1,1,0.739077091217041
930,42,4,0,1,0.806641101837158
930,42,4,1,0,0.804540395736694
930,42,4,0,1,0.901726961135864
930,42,4,0,0,0.963974475860596
930,42,4,0,0,0.924500942230225
930,42,4,0,0,1.16601347923279
930,42,4,0,0,1.15357518196106
931,43,1,0,0,1.23460125923157
931,43,1,0,0,0.964810848236084
931,43,1,0,0,0.871060132980347
931,43,1,0,0,0.782572031021118
931,43,1,0,0,0.785476922988892
931,43,1,0,0,0.955987691879272
931,43,1,0,0,1.0925920009613
931,43,1,0,0,0.911718606948853
931,43,1,0,0,0.743612051010132
931,43,1,0,0,0.762527704238892
931,43,1,0,0,0.715363502502441
931,43,1,0,0,0.683934688568115
931,43,2,0,0,0.806524515151978
931,43,2,0,0,0.638386726379395
931,43,2,1,0,0.757396936416626
931,43,2,1,1,1.00879526138306
931,43,2,0,1,0.852872610092163
931,43,2,0,0,0.751386642456055
931,43,2,0,0,0.822566032409668
931,43,2,0,0,0.757471084594727
931,43,2,0,0,0.85603928565979
931,43,2,0,0,0.720272064208984
931,43,2,0,0,0.738803625106812
931,43,2,0,0,0.669686079025269
931,43,3,0,0,0.704756021499634
931,43,3,0,0,0.721450090408325
931,43,3,0,0,0.675575017929077
931,43,3,1,0,0.781526803970337
931,43,3,1,1,0.75027871131897
931,43,3,1,1,1.03887987136841
931,43,3,0,1,0.667593002319336
931,43,3,1,0,0.715998888015747
931,43,3,0,1,0.618130922317505
931,43,3,1,0,0.721810817718506
931,43,3,1,1,0.638284921646118
931,43,3,0,1,0.775882959365845
931,43,4,1,0,0.819882869720459
931,43,4,1,1,0.862773895263672
931,43,4,0,1,0.890362024307251
931,43,4,0,0,0.928931474685669
931,43,4,0,0,0.746639013290405
931,43,4,1,0,1.11069083213806
931,43,4,0,1,0.633886337280273
931,43,4,0,0,0.637147188186646
931,43,4,0,0,0.807678937911987
931,43,4,0,0,0.792222023010254
931,43,4,1,0,0.976307153701782
931,43,4,1,1,0.816901683807373
932,44,1,0,0,1.11761617660522
932,44,1,1,0,0.931404590606689
932,44,1,1,1,0.836322784423828
932,44,1,1,1,0.850924730300903
932,44,1,0,1,0.611268043518066
932,44,1,1,0,0.822277784347534
932,44,1,1,1,0.805849552154541
932,44,1,1,1,0.861731052398682
932,44,1,1,1,0.731638431549072
932,44,1,1,1,0.775201559066772
932,44,1,1,1,0.673785448074341
932,44,1,1,1,0.877008199691772
932,44,2,1,0,0.76343846321106
932,44,2,1,1,0.670426607131958
932,44,2,1,1,0.765622854232788
932,44,2,1,1,0.949403524398804
932,44,2,1,1,0.542258977890015
932,44,2,0,1,0.619493007659912
932,44,2,1,0,0.917396306991577
932,44,2,1,1,0.650279521942139
932,44,2,1,1,0.696487426757812
932,44,2,1,1,1.09968566894531
932,44,2,1,1,0.861539125442505
932,44,2,1,1,0.825726270675659
932,44,3,1,0,0.950342178344727
932,44,3,0,1,0.734204292297363
932,44,3,0,0,0.806423187255859
932,44,3,0,0,1.1093864440918
932,44,3,0,0,0.770017147064209
932,44,3,0,0,0.864635467529297
932,44,3,0,0,0.821670293807983
932,44,3,0,0,0.879859447479248
932,44,3,0,0,0.643351554870605
932,44,3,0,0,0.609600067138672
932,44,3,0,0,0.819802284240723
932,44,3,0,0,0.796183586120605
932,44,4,1,0,0.820052146911621
932,44,4,1,1,0.606893062591553
932,44,4,0,1,0.76818060874939
932,44,4,1,0,0.865823984146118
932,44,4,0,1,0.706692934036255
932,44,4,0,0,0.755931615829468
932,44,4,1,0,0.93848729133606
932,44,4,1,1,0.750113725662231
932,44,4,1,1,0.733946561813354
932,44,4,0,1,0.650785207748413
932,44,4,0,0,0.679977416992188
932,44,4,1,0,0.948646783828735
933,45,1,1,0,1.44917774200439
933,45,1,1,1,0.758315563201904
933,45,1,1,1,0.937545776367188
933,45,1,1,1,0.713316917419434
933,45,1,1,1,0.998268127441406
933,45,1,1,1,1.10728907585144
933,45,1,1,1,0.99756383895874
933,45,1,1,1,0.997782230377197
933,45,1,1,1,1.12320804595947
933,45,1,1,1,0.7991042137146
933,45,1,1,1,0.854021787643433
933,45,1,1,1,0.589580297470093
933,45,2,1,0,1.07908725738525
933,45,2,1,1,1.47129678726196
933,45,2,1,1,1.31627821922302
933,45,2,1,1,0.94618821144104
933,45,2,1,1,0.978079319000244
933,45,2,1,1,1.2059223651886
933,45,2,1,1,1.09659385681152
933,45,2,1,1,0.671763181686401
933,45,2,1,1,0.939218759536743
933,45,2,1,1,0.878363847732544
933,45,2,1,1,1.04394364356995
933,45,2,1,1,0.677101373672485
933,45,3,1,0,1.21551632881165
933,45,3,1,1,0.953897476196289
933,45,3,0,1,0.751510381698608
933,45,3,1,0,0.818780899047852
933,45,3,1,1,1.44161152839661
933,45,3,1,1,1.29607534408569
933,45,3,1,1,1.04507327079773
933,45,3,1,1,0.855851650238037
933,45,3,1,1,0.858404397964478
933,45,3,1,1,0.808306217193604
933,45,3,0,1,0.722788333892822
933,45,3,1,0,1.05642104148865
933,45,4,1,0,0.836847305297852
933,45,4,0,1,1.15778541564941
933,45,4,0,0,1.35701775550842
933,45,4,0,0,1.05288648605347
933,45,4,0,0,1.0260283946991
933,45,4,0,0,0.997266530990601
933,45,4,0,0,0.786785364151001
933,45,4,0,0,1.34697651863098
933,45,4,0,0,1.28015685081482
933,45,4,0,0,1.14609146118164
933,45,4,0,0,1.32232999801636
933,45,4,0,0,1.1215603351593
934,46,1,0,0,1.39339661598206
934,46,1,0,0,1.44259738922119
934,46,1,0,0,0.761975526809692
934,46,1,0,0,0.95788049697876
934,46,1,0,0,0.956104516983032
934,46,1,0,0,0.919325828552246
934,46,1,0,0,0.849610805511475
934,46,1,0,0,0.843117952346802
934,46,1,0,0,0.848621368408203
934,46,1,0,0,0.986120223999023
934,46,1,0,0,1.46887063980103
934,46,1,0,0,0.47539234161377
934,46,2,1,0,1.23173499107361
934,46,2,1,1,0.749510288238525
934,46,2,1,1,0.880895853042603
934,46,2,1,1,0.993775129318237
934,46,2,1,1,0.898448944091797
934,46,2,1,1,0.839017868041992
934,46,2,1,1,1.06139349937439
934,46,2,1,1,0.804573774337769
934,46,2,1,1,1.43531942367554
934,46,2,0,1,0.807868957519531
934,46,2,1,0,0.876417398452759
934,46,2,1,1,0.946254014968872
934,46,3,1,0,1.40070271492004
934,46,3,0,1,1.00999331474304
934,46,3,1,0,1.32686042785645
934,46,3,1,1,0.768340349197388
934,46,3,1,1,1.14162182807922
934,46,3,0,1,1.05184412002563
934,46,3,1,0,1.32399654388428
934,46,3,1,1,0.968968629837036
934,46,3,1,1,0.707515716552734
934,46,3,1,1,0.771067380905151
934,46,3,1,1,0.690456628799438
934,46,3,1,1,1.26841235160828
934,46,4,0,0,1.19041848182678
934,46,4,0,0,1.06970953941345
934,46,4,0,0,1.0772066116333
934,46,4,0,0,1.11611771583557
934,46,4,1,0,1.31285166740417
934,46,4,0,1,1.1957368850708
934,46,4,0,0,1.04297471046448
934,46,4,0,0,1.11875033378601
934,46,4,0,0,0.933590650558472
934,46,4,0,0,0.862264394760132
934,46,4,0,0,0.934419393539429
934,46,4,0,0,1.03948640823364
935,47,1,1,0,1.25035953521729
935,47,1,1,1,1.23526239395142
935,47,1,1,1,0.951689004898071
935,47,1,1,1,1.06338047981262
935,47,1,0,1,0.668488502502441
935,47,1,1,0,1.15504097938538
935,47,1,1,1,1.24525427818298
935,47,1,0,1,1.13930869102478
935,47,1,0,0,0.81823992729187
935,47,1,1,0,1.16240334510803
935,47,1,1,1,0.947026491165161
935,47,2,1,0,1.18912649154663
935,47,2,0,1,1.28133583068848
935,47,2,0,0,1.44022011756897
935,47,2,0,0,1.06423592567444
935,47,2,0,0,1.02569198608398
935,47,2,0,0,0.975861072540283
935,47,2,0,0,0.866987943649292
935,47,2,0,0,0.78121542930603
935,47,2,0,0,1.13455414772034
935,47,2,0,0,0.977922916412354
935,47,2,0,0,1.02322125434875
935,47,2,0,0,1.35882663726807
935,47,3,1,0,1.23363471031189
935,47,3,1,1,1.11679196357727
935,47,3,1,1,0.922751665115356
935,47,3,0,1,0.981845855712891
935,47,3,1,0,0.9190993309021
935,47,3,0,1,1.07389783859253
935,47,3,1,0,1.11904788017273
935,47,3,1,1,0.741568088531494
935,47,3,0,1,1.03111553192139
935,47,3,1,0,0.752528667449951
935,47,3,1,1,0.853810787200928
935,47,3,1,1,0.952025890350342
935,47,4,1,0,1.10503959655762
935,47,4,1,1,0.876276731491089
935,47,4,1,1,1.05513381958008
935,47,4,1,1,0.983446836471558
935,47,4,1,1,1.24785971641541
935,47,4,1,1,1.02970170974731
935,47,4,1,1,0.993583679199219
935,47,4,1,1,0.986811399459839
935,47,4,1,1,1.14889192581177
935,47,4,1,1,0.924687623977661
935,47,4,0,1,1.37113070487976
935,47,4,1,0,0.918417930603027
936,48,1,1,0,1.17898535728455
936,48,1,0,1,0.873624801635742
936,48,1,1,0,1.03077411651611
936,48,1,0,1,0.961976051330566
936,48,1,1,0,1.13204002380371
936,48,1,0,1,0.748299121856689
936,48,1,0,0,0.847877979278564
936,48,1,0,0,1.07707977294922
936,48,1,1,0,0.934321403503418
936,48,1,0,1,0.747874975204468
936,48,1,1,0,0.760457992553711
936,48,1,1,1,0.78187370300293
936,48,2,0,0,1.14104771614075
936,48,2,0,0,0.79610538482666
936,48,2,0,0,0.736316680908203
936,48,2,0,0,0.789624929428101
936,48,2,0,0,0.766290664672852
936,48,2,0,0,0.887195110321045
936,48,2,0,0,0.790087938308716
936,48,2,0,0,0.718960046768188
936,48,2,0,0,1.08911228179932
936,48,2,1,0,0.846947908401489
936,48,2,1,1,0.601816654205322
936,48,2,0,1,0.745012998580933
936,48,3,1,0,0.631577968597412
936,48,3,0,1,0.723130702972412
936,48,3,0,0,0.750895023345947
936,48,3,0,0,0.777136087417603
936,48,3,1,0,0.851020336151123
936,48,3,1,1,0.784145832061768
936,48,3,0,1,0.795038223266602
936,48,3,1,0,0.865262985229492
936,48,3,1,1,0.795453071594238
936,48,3,1,1,0.726073980331421
936,48,3,1,1,0.892656803131104
936,48,3,0,1,0.832901000976562
936,48,4,1,0,0.843810558319092
936,48,4,1,1,0.726375102996826
936,48,4,1,1,0.68255090713501
936,48,4,1,1,0.570764541625977
936,48,4,1,1,0.526340007781982
936,48,4,1,1,0.752933740615845
936,48,4,1,1,0.777143001556396
936,48,4,1,1,0.578062534332275
936,48,4,1,1,0.598588943481445
936,48,4,1,1,0.620075464248657
936,48,4,1,1,0.55669093132019
936,48,4,1,1,0.779120206832886
937,49,1,1,0,1.16330027580261
937,49,1,1,1,0.860841274261475
937,49,1,1,1,0.880697250366211
937,49,1,1,1,1.06032872200012
937,49,1,1,1,1.06198692321777
937,49,1,1,1,1.33556389808655
937,49,1,1,1,1.06214141845703
937,49,1,1,1,1.04300093650818
937,49,1,1,1,0.842170000076294
937,49,1,1,1,0.97633695602417
937,49,1,0,1,0.957230091094971
937,49,1,1,0,1.21280121803284
937,49,2,1,0,0.984276056289673
937,49,2,1,1,0.922100782394409
937,49,2,0,1,1.20331048965454
937,49,2,1,0,0.859756231307983
937,49,2,1,1,0.91856575012207
937,49,2,1,1,0.972838163375854
937,49,2,1,1,1.03107166290283
937,49,2,1,1,0.952298641204834
937,49,2,1,1,0.807339668273926
937,49,2,1,1,1.02705001831055
937,49,2,1,1,1.11458802223206
937,49,2,1,1,1.24310731887817
937,49,3,0,0,1.26692819595337
937,49,3,0,0,0.997533082962036
937,49,3,1,0,0.988545656204224
937,49,3,1,1,1.17049074172974
937,49,3,0,1,1.20003271102905
937,49,3,0,0,0.980601072311401
937,49,3,0,0,1.15193772315979
937,49,3,0,0,0.780277252197266
937,49,3,0,0,1.30444622039795
937,49,3,0,0,0.815958738327026
937,49,3,0,0,0.895509004592896
937,49,3,1,0,1.16840076446533
937,49,4,0,0,1.09221839904785
937,49,4,0,0,0.895216226577759
937,49,4,0,0,0.908483028411865
937,49,4,0,0,0.953072071075439
937,49,4,0,0,0.894175291061401
937,49,4,0,0,1.0701949596405
937,49,4,0,0,0.864235639572144
937,49,4,0,0,1.00846815109253
937,49,4,0,0,0.85004711151123
937,49,4,0,0,0.9936363697052
937,49,4,0,0,0.892043590545654
937,49,4,0,0,0.772497892379761
